{
	"format_version": "1.8.0",
	"animations": {
		"animation.player.detransformation": {
			"animation_length": 2,
			"bones": {
				"head": {
					"rotation": {
						"0.0": [0, 0, 0],
						"0.5": [42.5, 0, 0],
						"1.5": [-20, 0, 0],
						"2.0": [0, 0, 0]
					}
				},
				"torso": {
					"rotation": {
						"0.0": [0, 0, 0],
						"0.5": [0, 0, 0]
					}
				},
				"right_arm": {
					"rotation": {
						"0.0": [0, 0, 0],
						"0.5": [-55, 0, 0],
						"0.75": [-49.47632, -28.02432, -21.88151],
						"1.0": [-10.55935, 54.30595, 77.07286],
						"2.0": [0, 0, 0]
					}
				},
				"left_arm": {
					"rotation": {
						"0.0": [0, 0, 0],
						"0.5": [-55, 0, 0],
						"0.75": [-49.47632, 28.02432, 21.88151],
						"1.0": [-10.55935, -54.30595, -77.07286],
						"2.0": [0, 0, 0]
					}
				},
				"right_leg": {
					"rotation": [0, 0, 0]
				},
				"left_leg": {
					"rotation": [0, 0, 0]
				}
			}
		}
	}
}