{
	"format_version": "1.8.0",
	"animations": {
		"animation.player.transformation": {
			"animation_length": 2,
			"bones": {
				"head": {
					"rotation": {
						"0.0": [0, 0, 0],
						"0.5": [-25, 0, 0],
						"1.5": [25, 0, 0],
						"2.0": [0, 0, 0]
					},
					"position": {
						"0.0": [0, 0, 0],
						"0.5": [0, 20, 0],
						"1.0": [0, 15, 0],
						"1.5": [0, 0, 0]
					}
				},
				"torso": {
					"position": {
						"0.0": [0, 0, 0],
						"0.5": [0, 20, 0],
						"1.0": [0, 15, 0],
						"1.5": [0, 0, 0]
					}
				},
				"right_arm": {
					"rotation": {
						"0.0": [0, 0, 0],
						"0.5": [-227.99436, 76.26919, -135.75216],
						"1.5": [-84.04392, 65.75538, -9.01367],
						"2.0": [0, 0, 0]
					},
					"position": {
						"0.0": [0, 0, 0],
						"0.5": [0, 20, 0],
						"1.0": [0, 15, 0],
						"1.5": [0, 0, 0]
					}
				},
				"left_arm": {
					"rotation": {
						"0.0": [0, 0, 0],
						"0.5": [-246.50624, -61.07655, 159.78383],
						"1.5": [-78.95339, -47.7408, 4.77833],
						"2.0": [0, 0, 0]
					},
					"position": {
						"0.0": [0, 0, 0],
						"0.5": [0, 20, 0],
						"1.0": [0, 15, 0],
						"1.5": [0, 0, 0]
					}
				},
				"right_leg": {
					"position": {
						"0.0": [0, 0, 0],
						"0.5": [0, 20, 0],
						"1.0": [0, 15, 0],
						"1.5": [0, 0, 0]
					}
				},
				"left_leg": {
					"position": {
						"0.0": [0, 0, 0],
						"0.5": [0, 20, 0],
						"1.0": [0, 15, 0],
						"1.5": [0, 0, 0]
					}
				}
			}
		}
	}
}